{
  "expo": {
    "name": "Tapcart",
    "version": "1.3",
    "newArchEnabled": true,
    "ios": {
      "displayName": "Tapcart React Native",
      "bundleIdentifier": "co.tapcartinc.rn.staging",
      "buildNumber": "5",
      "icon": "./assets/images/icon.png",
      "splash": {
        "image": "./assets/images/launch_screen_bg_image.jpg",
        "resizeMode": "cover",
        "backgroundColor": "#000000"
      },
      "googleServicesFile": "./assets/files/GoogleService-Info.plist",
      "entitlements": {
        "aps-environment": "production"
      },
      "infoPlist": {
        "UIBackgroundModes": [
          "remote-notification",
          "fetch"
        ],
        "NSCameraUsageDescription": "Grant camera permission",
        "NSLocationWhenInUseUsageDescription": "Grant geolocation permission",
        "NSLocationAlwaysAndWhenInUseUsageDescription": "Grant geolocation permission",
        "NSUserTrackingUsageDescription": "Grant tracking permission",
        "UNNotificationExtensionCategory": "notification",
        "CFBundleURLTypes": [
          {
            "CFBundleURLSchemes": [
              "co.tapcartinc.rn.staging"
            ]
          }
        ],
        "com.apple.developer.in-app-payments": [
          "merchant.co.tapcartinc.rn.staging"
        ]
      }
    },
    "android": {
      "config": {
        "branch": {
          "apiKey": "key_test_gwmb3owFzJg1Rjwr3U7JqocnFxjR5kIn"
        }
      },
      "icon": "./assets/images/icon.png",
      "adaptiveIcon": {
        "foregroundImage": "./assets/images/icon.png"
      },
      "splash": {
        "image": "./assets/images/icon.png"
      },
      "versionCode": 5,
      "package": "co.tapcartinc.rn.staging",
      "googleServicesFile": "./assets/files/google-services.json",
      "permissions": [
        "android.permission.CAMERA",
        "android.permission.ACCESS_COARSE_LOCATION",
        "android.permission.ACCESS_FINE_LOCATION",
        "android.permission.POST_NOTIFICATIONS"
      ]
    },
    "extra": {
      "merchantId": "merchant.co.tapcartinc.rn.staging"
    },
    "plugins": [
      "expo-font",
      "./plugins/withAndroidNotifeeFix",
      "./plugins/withVaultKmpXcframework",
      "./plugins/withModifySettingsGradle",
      "./plugins/withRemoveMipmapV26.js",
      [
        "./plugins/withAppName",
        {
          "appName": "Tapcart React Native"
        }
      ],
      [
        "./plugins/withExtensionPlugin",
        [
          {
            "ios": {
              "extensionTargetName": "OSNotificationContentExtension",
              "baseBundleId": "co.tapcartinc.rn.staging",
              "pointIdentifier": "com.apple.usernotifications.content-extension",
              "isBaselproj": true,
              "frameworks": [
                "System/Library/Frameworks/UserNotificationsUI.framework",
                "System/Library/Frameworks/UserNotifications.framework"
              ],
              "sourceDir": "/Users/dustin/Desktop/tapcart-react-native/plugins/scripts/notifications/ios/OSNotificationContentExtension",
              "buildPhases": [
                {
                  "type": "PBXSourcesBuildPhase",
                  "name": "Sources"
                },
                {
                  "type": "PBXResourcesBuildPhase",
                  "name": "Resources"
                },
                {
                  "type": "PBXFrameworksBuildPhase",
                  "name": "Frameworks"
                }
              ],
              "buildSettings": {
                "SWIFT_VERSION": "5.0",
                "IPHONEOS_DEPLOYMENT_TARGET": "15.0"
              }
            }
          },
          {
            "ios": {
              "extensionTargetName": "OSNotificationImage",
              "baseBundleId": "co.tapcartinc.rn.staging",
              "pointIdentifier": "com.apple.usernotifications.service",
              "sourceDir": "/Users/dustin/Desktop/tapcart-react-native/plugins/scripts/notifications/ios/OSNotificationImage",
              "buildPhases": [
                {
                  "type": "PBXSourcesBuildPhase",
                  "name": "Sources"
                },
                {
                  "type": "PBXResourcesBuildPhase",
                  "name": "Resources"
                },
                {
                  "type": "PBXFrameworksBuildPhase",
                  "name": "Frameworks"
                }
              ],
              "buildSettings": {
                "SWIFT_VERSION": "5.0",
                "IPHONEOS_DEPLOYMENT_TARGET": "15.0",
                "ENABLE_USER_SCRIPT_SANDBOXING": false
              }
            }
          }
        ]
      ],
      [
        "react-native-permissions",
        {
          "iosPermissions": [
            "Camera",
            "LocationAccuracy",
            "LocationAlways",
            "LocationWhenInUse",
            "Notifications"
          ]
        }
      ],
      "./plugins/withAndroidNetworkSecurityConfig",
      "./plugins/withATSConfig",
      [
        "expo-tracking-transparency",
        {
          "userTrackingPermission": "Your data will be used to deliver personalized ads to you."
        }
      ],
      [
        "expo-build-properties",
        {
          "ios": {
            "useFrameworks": "static",
            "deploymentTarget": "17.0"
          }
        }
      ],
      "@react-native-firebase/app",
      "@react-native-firebase/messaging",
      "./plugins/withModifyAndroidManifest",
      "./plugins/withFirebaseAnalytics"
    ]
  }
}