{"version":0,"bundler":"metro","fileMetadata":{"android":{"bundle":"_expo/static/js/android/index-3b37cf7979928918fc7fed533e320cbc.hbc","assets":[{"path":"assets/369745d4a4a6fa62fa0ed495f89aa964","ext":"png"},{"path":"assets/4f355ba1efca4b9c0e7a6271af047f61","ext":"png"},{"path":"assets/817aca47ff3cea63020753d336e628a4","ext":"png"},{"path":"assets/5b50965d3dfbc518fe50ce36c314a6ec","ext":"png"},{"path":"assets/e62addcde857ebdb7342e6b9f1095e97","ext":"png"},{"path":"assets/778ffc9fe8773a878e9c30a6304784de","ext":"png"},{"path":"assets/376d6a4c7f622917c39feb23671ef71d","ext":"png"},{"path":"assets/c79c3606a1cf168006ad3979763c7e0c","ext":"png"},{"path":"assets/02bc1fa7c0313217bde2d65ccbff40c9","ext":"png"},{"path":"assets/35ba0eaec5a4f5ed12ca16fabeae451d","ext":"png"},{"path":"assets/5223c8d9b0d08b82a5670fb5f71faf78","ext":"png"}]},"ios":{"bundle":"_expo/static/js/ios/index-8d363c2b9ce28683f80da093e945297e.hbc","assets":[{"path":"assets/369745d4a4a6fa62fa0ed495f89aa964","ext":"png"},{"path":"assets/4f355ba1efca4b9c0e7a6271af047f61","ext":"png"},{"path":"assets/817aca47ff3cea63020753d336e628a4","ext":"png"},{"path":"assets/5b50965d3dfbc518fe50ce36c314a6ec","ext":"png"},{"path":"assets/e62addcde857ebdb7342e6b9f1095e97","ext":"png"},{"path":"assets/7d40544b395c5949f4646f5e150fe020","ext":"png"},{"path":"assets/cdd04e13d4ec83ff0cd13ec8dabdc341","ext":"png"},{"path":"assets/a132ecc4ba5c1517ff83c0fb321bc7fc","ext":"png"},{"path":"assets/0ea69b5077e7c4696db85dbcba75b0e1","ext":"png"},{"path":"assets/f5b790e2ac193b3d41015edb3551f9b8","ext":"png"},{"path":"assets/5223c8d9b0d08b82a5670fb5f71faf78","ext":"png"}]}}}